Model,Accuracy,Precision,Recall,F1 Score,ROC AUC,CV ROC AUC Mean,CV ROC AUC Std
Random Forest,0.9844444444444445,0.9983606557377049,0.9790996784565916,0.9886363636363636,0.9903768303685025,0.9860418473865135,0.0052103267849683095
Decision Tree,0.9855555555555555,1.0,0.9790996784565916,0.9894394800974817,0.9896018876217354,0.9857309578965066,0.005925555738292752
XGBoost,0.9822222222222222,0.9967213114754099,0.977491961414791,0.987012987012987,0.9880230863540679,0.9887877005919894,0.004982118110411762
Support Vector Machine,0.8944444444444445,0.9123630672926447,0.9372990353697749,0.9246629659000793,0.9587024913830994,0.9529697014136765,0.003909871414760878
Logistic Regression,0.81,0.8573692551505546,0.8697749196141479,0.8635275339185954,0.8798376090124685,0.8841668189083318,0.005966768704110522
