Model,Accuracy,ROC_AUC
Logistic Regression,0.8155555555555556,0.8796988132966296
Random Forest,0.9811111111111112,0.9890785121099261
Support Vector Machine,0.8866666666666667,0.954602234611025
