Model,Accuracy,Precision,Recall,F1 Score,ROC AUC
Logistic Regression,0.81,0.8573692551505546,0.8697749196141479,0.8635275339185954,0.8798376090124685
Random Forest,0.9844444444444445,0.9983606557377049,0.9790996784565916,0.9886363636363636,0.9903768303685025
XGBoost,0.9822222222222222,0.9967213114754099,0.977491961414791,0.987012987012987,0.9880230863540679
