Model,Accuracy,Precision,Recall,F1 Score
Logistic Regression,0.8129251700680272,0.8387096774193549,0.900990099009901,0.8687350835322196
Random Forest,0.9829931972789115,0.9974747474747475,0.9777227722772277,0.9875
Gradient Boosting,0.9812925170068028,0.9949622166246851,0.9777227722772277,0.9862671660424469
